[{
  "id": 0,
  "name": "Unit",
  "type": "Unit",
  "cpu": [
    {
      "name": "CPU:Unit",
      "group": "cpu",
      "points": [
        {"date": "20111005083201", "value": 12},
        {"date": "20111005084201", "value": 0},
        {"date": "20111005085201", "value": 0},
        {"date": "20111005090201", "value": 32},
        {"date": "20111005091201", "value": 12},
        {"date": "20111005092201", "value": 67},
        {"date": "20111005093201", "value": 80},
        {"date": "20111005094201", "value": 12},
        {"date": "20111005095201", "value": 12},
        {"date": "20111005100201", "value": 12},
        {"date": "20111005101201", "value": 12},
        {"date": "20111005102201", "value": 12},
        {"date": "20111005103201", "value": 12},
        {"date": "20111005104201", "value": 32},
        {"date": "20111005105201", "value": 12},
        {"date": "20111005110201", "value": 67},
        {"date": "20111005111201", "value": 100},
        {"date": "20111005112201", "value": 80},
        {"date": "20111005113201", "value": 80},
        {"date": "20111005114201", "value": 12}
      ]
    }
  ],
  "disk":[{
      "name": "Disk_W:Unit",
      "group": "Disk_W",
      "points": [
        {"date": "20111005083201", "value": 12},
        {"date": "20111005084201", "value": 0},
        {"date": "20111005085201", "value": 0},
        {"date": "20111005090201", "value": 32},
        {"date": "20111005091201", "value": 12},
        {"date": "20111005092201", "value": 67},
        {"date": "20111005093201", "value": 80},
        {"date": "20111005094201", "value": 12},
        {"date": "20111005095201", "value": 12},
        {"date": "20111005100201", "value": 12},
        {"date": "20111005101201", "value": 12},
        {"date": "20111005102201", "value": 12},
        {"date": "20111005103201", "value": 12},
        {"date": "20111005104201", "value": 32},
        {"date": "20111005105201", "value": 12},
        {"date": "20111005110201", "value": 67},
        {"date": "20111005111201", "value": 100},
        {"date": "20111005112201", "value": 80},
        {"date": "20111005113201", "value": 80},
        {"date": "20111005114201", "value": 12}
      ]
    },{
      "name": "Disk_R:Unit",
      "group": "Disk_R",
      "points": [
        {"date": "20111005083201", "value": 12},
        {"date": "20111005084201", "value": 0},
        {"date": "20111005085201", "value": 0},
        {"date": "20111005090201", "value": 32},
        {"date": "20111005091201", "value": 12},
        {"date": "20111005092201", "value": 67},
        {"date": "20111005093201", "value": 80},
        {"date": "20111005094201", "value": 12},
        {"date": "20111005095201", "value": 12},
        {"date": "20111005100201", "value": 12},
        {"date": "20111005101201", "value": 12},
        {"date": "20111005102201", "value": 12},
        {"date": "20111005103201", "value": 12},
        {"date": "20111005104201", "value": 32},
        {"date": "20111005105201", "value": 12},
        {"date": "20111005110201", "value": 67},
        {"date": "20111005111201", "value": 100},
        {"date": "20111005112201", "value": 80},
        {"date": "20111005113201", "value": 80},
        {"date": "20111005114201", "value": 12}
      ]
    }
  ],
  "network":[{
    "name": "Net_W:Unit",
    "group": "Net_W",
    "points": [
      {"date": "20111005083201", "value": 12},
      {"date": "20111005084201", "value": 0},
      {"date": "20111005085201", "value": 0},
      {"date": "20111005090201", "value": 32},
      {"date": "20111005091201", "value": 12},
      {"date": "20111005092201", "value": 67},
      {"date": "20111005093201", "value": 80},
      {"date": "20111005094201", "value": 12},
      {"date": "20111005095201", "value": 12},
      {"date": "20111005100201", "value": 12},
      {"date": "20111005101201", "value": 12},
      {"date": "20111005102201", "value": 12},
      {"date": "20111005103201", "value": 12},
      {"date": "20111005104201", "value": 32},
      {"date": "20111005105201", "value": 12},
      {"date": "20111005110201", "value": 67},
      {"date": "20111005111201", "value": 100},
      {"date": "20111005112201", "value": 80},
      {"date": "20111005113201", "value": 80},
      {"date": "20111005114201", "value": 12}
    ]
  },{
    "name": "Net_R:Unit",
    "group": "Net_R",
    "points": [
      {"date": "20111005083201", "value": 12},
      {"date": "20111005084201", "value": 0},
      {"date": "20111005085201", "value": 0},
      {"date": "20111005090201", "value": 32},
      {"date": "20111005091201", "value": 12},
      {"date": "20111005092201", "value": 67},
      {"date": "20111005093201", "value": 80},
      {"date": "20111005094201", "value": 12},
      {"date": "20111005095201", "value": 12},
      {"date": "20111005100201", "value": 12},
      {"date": "20111005101201", "value": 12},
      {"date": "20111005102201", "value": 12},
      {"date": "20111005103201", "value": 12},
      {"date": "20111005104201", "value": 32},
      {"date": "20111005105201", "value": 12},
      {"date": "20111005110201", "value": 67},
      {"date": "20111005111201", "value": 100},
      {"date": "20111005112201", "value": 80},
      {"date": "20111005113201", "value": 80},
      {"date": "20111005114201", "value": 12}
    ]
  }]
},
{
  "id": 1,
  "name": "node0",
  "type": "physical",
  "cpu": [
    {
      "name": "CPU:node0",
      "group": "cpu",
      "points": [
        {"date": "20111005083201", "value": 12},
        {"date": "20111005084201", "value": 0},
        {"date": "20111005085201", "value": 0},
        {"date": "20111005090201", "value": 32},
        {"date": "20111005091201", "value": 12},
        {"date": "20111005092201", "value": 67},
        {"date": "20111005093201", "value": 80},
        {"date": "20111005094201", "value": 12},
        {"date": "20111005095201", "value": 12},
        {"date": "20111005100201", "value": 12},
        {"date": "20111005101201", "value": 12},
        {"date": "20111005102201", "value": 12},
        {"date": "20111005103201", "value": 12},
        {"date": "20111005104201", "value": 32},
        {"date": "20111005105201", "value": 12},
        {"date": "20111005110201", "value": 67},
        {"date": "20111005111201", "value": 100},
        {"date": "20111005112201", "value": 80},
        {"date": "20111005113201", "value": 80},
        {"date": "20111005114201", "value": 12}
      ]
    }
  ],
  "disk":[{
      "name": "Disk_W:node0",
      "group": "Disk_W",
      "points": [
        {"date": "20111005083201", "value": 12},
        {"date": "20111005084201", "value": 0},
        {"date": "20111005085201", "value": 0},
        {"date": "20111005090201", "value": 32},
        {"date": "20111005091201", "value": 12},
        {"date": "20111005092201", "value": 67},
        {"date": "20111005093201", "value": 80},
        {"date": "20111005094201", "value": 12},
        {"date": "20111005095201", "value": 12},
        {"date": "20111005100201", "value": 12},
        {"date": "20111005101201", "value": 12},
        {"date": "20111005102201", "value": 12},
        {"date": "20111005103201", "value": 12},
        {"date": "20111005104201", "value": 32},
        {"date": "20111005105201", "value": 12},
        {"date": "20111005110201", "value": 67},
        {"date": "20111005111201", "value": 100},
        {"date": "20111005112201", "value": 80},
        {"date": "20111005113201", "value": 80},
        {"date": "20111005114201", "value": 12}
      ]
    },{
      "name": "Disk_R:node0",
      "group": "Disk_R",
      "points": [
        {"date": "20111005083201", "value": 12},
        {"date": "20111005084201", "value": 0},
        {"date": "20111005085201", "value": 0},
        {"date": "20111005090201", "value": 32},
        {"date": "20111005091201", "value": 12},
        {"date": "20111005092201", "value": 67},
        {"date": "20111005093201", "value": 80},
        {"date": "20111005094201", "value": 12},
        {"date": "20111005095201", "value": 12},
        {"date": "20111005100201", "value": 12},
        {"date": "20111005101201", "value": 12},
        {"date": "20111005102201", "value": 12},
        {"date": "20111005103201", "value": 12},
        {"date": "20111005104201", "value": 32},
        {"date": "20111005105201", "value": 12},
        {"date": "20111005110201", "value": 67},
        {"date": "20111005111201", "value": 100},
        {"date": "20111005112201", "value": 80},
        {"date": "20111005113201", "value": 80},
        {"date": "20111005114201", "value": 12}
      ]
    }
  ],
  "network":[{
    "name": "Net_W:node0",
    "group": "Net_W",
    "points": [
      {"date": "20111005083201", "value": 12},
      {"date": "20111005084201", "value": 0},
      {"date": "20111005085201", "value": 0},
      {"date": "20111005090201", "value": 32},
      {"date": "20111005091201", "value": 12},
      {"date": "20111005092201", "value": 67},
      {"date": "20111005093201", "value": 80},
      {"date": "20111005094201", "value": 12},
      {"date": "20111005095201", "value": 12},
      {"date": "20111005100201", "value": 12},
      {"date": "20111005101201", "value": 12},
      {"date": "20111005102201", "value": 12},
      {"date": "20111005103201", "value": 12},
      {"date": "20111005104201", "value": 32},
      {"date": "20111005105201", "value": 12},
      {"date": "20111005110201", "value": 67},
      {"date": "20111005111201", "value": 100},
      {"date": "20111005112201", "value": 80},
      {"date": "20111005113201", "value": 80},
      {"date": "20111005114201", "value": 12}
    ]
  },{
    "name": "Net_R:node0",
    "group": "Net_R",
    "points": [
      {"date": "20111005083201", "value": 12},
      {"date": "20111005084201", "value": 0},
      {"date": "20111005085201", "value": 0},
      {"date": "20111005090201", "value": 32},
      {"date": "20111005091201", "value": 12},
      {"date": "20111005092201", "value": 67},
      {"date": "20111005093201", "value": 80},
      {"date": "20111005094201", "value": 12},
      {"date": "20111005095201", "value": 12},
      {"date": "20111005100201", "value": 12},
      {"date": "20111005101201", "value": 12},
      {"date": "20111005102201", "value": 12},
      {"date": "20111005103201", "value": 12},
      {"date": "20111005104201", "value": 32},
      {"date": "20111005105201", "value": 12},
      {"date": "20111005110201", "value": 67},
      {"date": "20111005111201", "value": 100},
      {"date": "20111005112201", "value": 80},
      {"date": "20111005113201", "value": 80},
      {"date": "20111005114201", "value": 12}
    ]
  }]

},
{
  "id": 2,
  "name": "node1",
  "type": "physical",
  "cpu": [
    {
      "name": "CPU:node1",
      "group": "cpu",
      "points": [
        {"date": "20111005083201", "value": 12},
        {"date": "20111005084201", "value": 0},
        {"date": "20111005085201", "value": 0},
        {"date": "20111005090201", "value": 32},
        {"date": "20111005091201", "value": 12},
        {"date": "20111005092201", "value": 67},
        {"date": "20111005093201", "value": 80},
        {"date": "20111005094201", "value": 12},
        {"date": "20111005095201", "value": 12},
        {"date": "20111005100201", "value": 12},
        {"date": "20111005101201", "value": 12},
        {"date": "20111005102201", "value": 12},
        {"date": "20111005103201", "value": 12},
        {"date": "20111005104201", "value": 32},
        {"date": "20111005105201", "value": 12},
        {"date": "20111005110201", "value": 67},
        {"date": "20111005111201", "value": 100},
        {"date": "20111005112201", "value": 80},
        {"date": "20111005113201", "value": 80},
        {"date": "20111005114201", "value": 12}
      ]
    }
  ],
  "disk":[{
      "name": "Disk_W:node1",
      "group": "Disk_W",
      "points": [
        {"date": "20111005083201", "value": 12},
        {"date": "20111005084201", "value": 0},
        {"date": "20111005085201", "value": 0},
        {"date": "20111005090201", "value": 32},
        {"date": "20111005091201", "value": 12},
        {"date": "20111005092201", "value": 67},
        {"date": "20111005093201", "value": 80},
        {"date": "20111005094201", "value": 12},
        {"date": "20111005095201", "value": 12},
        {"date": "20111005100201", "value": 12},
        {"date": "20111005101201", "value": 12},
        {"date": "20111005102201", "value": 12},
        {"date": "20111005103201", "value": 12},
        {"date": "20111005104201", "value": 32},
        {"date": "20111005105201", "value": 12},
        {"date": "20111005110201", "value": 67},
        {"date": "20111005111201", "value": 100},
        {"date": "20111005112201", "value": 80},
        {"date": "20111005113201", "value": 80},
        {"date": "20111005114201", "value": 12}
      ]
    },{
      "name": "Disk_R:node1",
      "group": "Disk_R",
      "points": [
        {"date": "20111005083201", "value": 12},
        {"date": "20111005084201", "value": 0},
        {"date": "20111005085201", "value": 0},
        {"date": "20111005090201", "value": 32},
        {"date": "20111005091201", "value": 12},
        {"date": "20111005092201", "value": 67},
        {"date": "20111005093201", "value": 80},
        {"date": "20111005094201", "value": 12},
        {"date": "20111005095201", "value": 12},
        {"date": "20111005100201", "value": 12},
        {"date": "20111005101201", "value": 12},
        {"date": "20111005102201", "value": 12},
        {"date": "20111005103201", "value": 12},
        {"date": "20111005104201", "value": 32},
        {"date": "20111005105201", "value": 12},
        {"date": "20111005110201", "value": 67},
        {"date": "20111005111201", "value": 100},
        {"date": "20111005112201", "value": 80},
        {"date": "20111005113201", "value": 80},
        {"date": "20111005114201", "value": 12}
      ]
    }],
  "network":[{
    "name": "Net_W:node1",
    "group": "Net_W",
    "points": [
      {"date": "20111005083201", "value": 12},
      {"date": "20111005084201", "value": 0},
      {"date": "20111005085201", "value": 0},
      {"date": "20111005090201", "value": 32},
      {"date": "20111005091201", "value": 12},
      {"date": "20111005092201", "value": 67},
      {"date": "20111005093201", "value": 80},
      {"date": "20111005094201", "value": 12},
      {"date": "20111005095201", "value": 12},
      {"date": "20111005100201", "value": 12},
      {"date": "20111005101201", "value": 12},
      {"date": "20111005102201", "value": 12},
      {"date": "20111005103201", "value": 12},
      {"date": "20111005104201", "value": 32},
      {"date": "20111005105201", "value": 12},
      {"date": "20111005110201", "value": 67},
      {"date": "20111005111201", "value": 100},
      {"date": "20111005112201", "value": 80},
      {"date": "20111005113201", "value": 80},
      {"date": "20111005114201", "value": 12}
    ]
  },{
    "name": "Net_R:node1",
    "group": "Net_R",
    "points": [
      {"date": "20111005083201", "value": 12},
      {"date": "20111005084201", "value": 0},
      {"date": "20111005085201", "value": 0},
      {"date": "20111005090201", "value": 32},
      {"date": "20111005091201", "value": 12},
      {"date": "20111005092201", "value": 67},
      {"date": "20111005093201", "value": 80},
      {"date": "20111005094201", "value": 12},
      {"date": "20111005095201", "value": 12},
      {"date": "20111005100201", "value": 12},
      {"date": "20111005101201", "value": 12},
      {"date": "20111005102201", "value": 12},
      {"date": "20111005103201", "value": 12},
      {"date": "20111005104201", "value": 32},
      {"date": "20111005105201", "value": 12},
      {"date": "20111005110201", "value": 67},
      {"date": "20111005111201", "value": 100},
      {"date": "20111005112201", "value": 80},
      {"date": "20111005113201", "value": 80},
      {"date": "20111005114201", "value": 12}
    ]
  }]
}]
